position_ref,product_type,branch,seller,currency,outstanding,origination_date,maturity_date,client_rate,risk_weight,profiles_json,rates_json
CNT-C940FF102CA3,annuite,ES,SLR-ES-011,EUR,4673623.0,2023-08-25,2042-10-14,0.02404,1.0,"[0.995708, 0.987124, 0.974249, 0.948498, 0.896996, 0.845494, 0.742489, 0.639485, 0.484979, 0.227468, 0.0]","[0.029, 0.0298, 0.03, 0.0305, 0.029, 0.028, 0.0275, 0.028, 0.0285, 0.029]"
CNT-2D217985A1BC,mortgage,ES,SLR-ES-014,EUR,9354066.0,2024-12-16,2049-04-09,0.03518,1.0,"[0.996622, 0.989865, 0.97973, 0.959459, 0.918919, 0.878378, 0.797297, 0.716216, 0.594595, 0.391892, 0.189189, 0.0]","[0.029, 0.0298, 0.03, 0.0305, 0.029, 0.028, 0.0275, 0.028, 0.0285, 0.029, 0.0295]"
CNT-29F5744FF206,annuite,FR,SLR-FR-013,EUR,7536486.0,2025-05-27,2030-05-31,0.02761,1.0,"[0.983607, 0.95082, 0.901639, 0.803279, 0.606557, 0.409836, 0.016393, 0.0]","[0.029, 0.0298, 0.03, 0.0305, 0.029, 0.028, 0.0275]"
CNT-76CF53C4C532,pam,ES,SLR-DE-015,EUR,8780838.0,2024-06-01,2052-12-31,0.06167,1.0,"[0.997126, 0.991379, 0.982759, 0.965517, 0.931034, 0.896552, 0.827586, 0.758621, 0.655172, 0.482759, 0.310345, 0.0]","[0.029, 0.0298, 0.03, 0.0305, 0.029, 0.028, 0.0275, 0.028, 0.0285, 0.029, 0.0295]"
CNT-994A0BBD6BBC,mortgage,FR,SLR-ES-006,EUR,6204416.0,2022-12-04,2034-02-04,0.04182,1.0,"[0.992647, 0.977941, 0.955882, 0.911765, 0.823529, 0.735294, 0.558824, 0.382353, 0.117647, 0.0]","[0.029, 0.0298, 0.03, 0.0305, 0.029, 0.028, 0.0275, 0.028, 0.0285]"
CNT-EBF8C4EBB214,pam,FR,SLR-DE-003,EUR,6827881.0,2022-09-16,2047-03-09,0.06768,1.0,"[0.996644, 0.989933, 0.979866, 0.959732, 0.919463, 0.879195, 0.798658, 0.718121, 0.597315, 0.395973, 0.194631, 0.0]","[0.029, 0.0298, 0.03, 0.0305, 0.029, 0.028, 0.0275, 0.028, 0.0285, 0.029, 0.0295]"
CNT-40156435C7E0,pam,FR,SLR-DE-014,EUR,4050453.0,2023-05-26,2050-01-04,0.05483,1.0,"[0.996914, 0.990741, 0.981481, 0.962963, 0.925926, 0.888889, 0.814815, 0.740741, 0.62963, 0.444444, 0.259259, 0.0]","[0.029, 0.0298, 0.03, 0.0305, 0.029, 0.028, 0.0275, 0.028, 0.0285, 0.029, 0.0295]"
CNT-DAD72AB36C54,mortgage,ES,SLR-ES-014,EUR,6094862.0,2025-08-19,2049-03-16,0.06901,1.0,"[0.996516, 0.989547, 0.979094, 0.958188, 0.916376, 0.874564, 0.790941, 0.707317, 0.581882, 0.372822, 0.163763, 0.0]","[0.029, 0.0298, 0.03, 0.0305, 0.029, 0.028, 0.0275, 0.028, 0.0285, 0.029, 0.0295]"
CNT-97BD7417101A,annuite,ES,SLR-US-013,EUR,8912071.0,2023-05-01,2034-12-29,0.04533,1.0,"[0.992958, 0.978873, 0.957746, 0.915493, 0.830986, 0.746479, 0.577465, 0.408451, 0.15493, 0.0]","[0.029, 0.0298, 0.03, 0.0305, 0.029, 0.028, 0.0275, 0.028, 0.0285]"
CNT-2D60F594DADC,annuite,FR,SLR-DE-012,EUR,5789998.0,2025-06-21,2036-03-25,0.0636,1.0,"[0.992366, 0.977099, 0.954198, 0.908397, 0.816794, 0.725191, 0.541985, 0.358779, 0.083969, 0.0]","[0.029, 0.0298, 0.03, 0.0305, 0.029, 0.028, 0.0275, 0.028, 0.0285]"
CNT-C0FE8E2B6DFD,mortgage,ES,SLR-DE-011,EUR,5367240.0,2022-01-27,2032-12-30,0.05625,1.0,"[1.0, 1.0, 1.0, 1.0, 1.0, 1.0, 1.0, 1.0, 1.0, 0.0]","[0.029, 0.0298, 0.03, 0.0305, 0.029, 0.028, 0.0275, 0.028, 0.0285]"
CNT-45E76D87EC1C,pam,FR,SLR-DE-011,EUR,7025136.0,2024-10-18,2037-12-09,0.05782,1.0,"[0.99375, 0.98125, 0.9625, 0.925, 0.85, 0.775, 0.625, 0.475, 0.25, 0.0]","[0.029, 0.0298, 0.03, 0.0305, 0.029, 0.028, 0.0275, 0.028, 0.0285]"
CNT-7B9DC38AB45C,annuite,ES,SLR-ES-006,EUR,3275774.0,2024-02-27,2026-03-18,0.06141,1.0,"[0.96, 0.88, 0.76, 0.52, 0.04, 0.0]","[0.029, 0.0298, 0.03, 0.0305, 0.029]"
CNT-1A7BEACF1EB8,annuite,FR,SLR-DE-006,EUR,6385341.0,2022-03-14,2024-11-28,0.03072,1.0,"[0.969697, 0.909091, 0.818182, 0.636364, 0.272727, 0.0]","[0.029, 0.0298, 0.03, 0.0305, 0.029]"
CNT-725D8D4E6B94,annuite,ES,SLR-US-009,EUR,6397623.0,2025-03-28,2038-03-20,0.04084,1.0,"[0.993671, 0.981013, 0.962025, 0.924051, 0.848101, 0.772152, 0.620253, 0.468354, 0.240506, 0.0]","[0.029, 0.0298, 0.03, 0.0305, 0.029, 0.028, 0.0275, 0.028, 0.0285]"
CNT-A8203EA9C178,mortgage,FR,SLR-DE-007,EUR,8588269.0,2025-01-18,2033-06-05,0.0562,1.0,"[1.0, 1.0, 1.0, 1.0, 1.0, 1.0, 1.0, 1.0, 0.0]","[0.029, 0.0298, 0.03, 0.0305, 0.029, 0.028, 0.0275, 0.028]"
CNT-5FABCB2019AA,annuite,ES,SLR-US-005,EUR,4573077.0,2023-04-03,2031-03-22,0.05228,1.0,"[1.0, 1.0, 1.0, 1.0, 1.0, 1.0, 1.0, 1.0, 0.0]","[0.029, 0.0298, 0.03, 0.0305, 0.029, 0.028, 0.0275, 0.028]"
CNT-5DFD975D2482,annuite,ES,SLR-FR-005,EUR,831255.0,2022-05-24,2030-11-08,0.03585,1.0,"[0.990291, 0.970874, 0.941748, 0.883495, 0.76699, 0.650485, 0.417476, 0.184466, 0.0]","[0.029, 0.0298, 0.03, 0.0305, 0.029, 0.028, 0.0275, 0.028]"
CNT-0D76A52E4733,annuite,ES,SLR-ES-001,EUR,992997.0,2021-08-27,2039-08-23,0.05114,1.0,"[0.995434, 0.986301, 0.972603, 0.945205, 0.890411, 0.835616, 0.726027, 0.616438, 0.452055, 0.178082, 0.0]","[0.029, 0.0298, 0.03, 0.0305, 0.029, 0.028, 0.0275, 0.028, 0.0285, 0.029]"
CNT-03D71427E54B,mortgage,ES,SLR-US-012,EUR,5726988.0,2022-03-03,2035-07-23,0.06613,1.0,"[1.0, 1.0, 1.0, 1.0, 1.0, 1.0, 1.0, 1.0, 1.0, 0.0]","[0.029, 0.0298, 0.03, 0.0305, 0.029, 0.028, 0.0275, 0.028, 0.0285]"
CNT-AE7E48D33C9C,pam,FR,SLR-DE-008,EUR,7314686.0,2025-01-21,2027-10-08,0.03693,1.0,"[0.969697, 0.909091, 0.818182, 0.636364, 0.272727, 0.0]","[0.029, 0.0298, 0.03, 0.0305, 0.029]"
CNT-D12AAD015324,annuite,FR,SLR-FR-002,EUR,2156546.0,2022-01-13,2029-03-07,0.0239,1.0,"[0.988506, 0.965517, 0.931034, 0.862069, 0.724138, 0.586207, 0.310345, 0.034483, 0.0]","[0.029, 0.0298, 0.03, 0.0305, 0.029, 0.028, 0.0275, 0.028]"
CNT-BDBBA6B55EA7,mortgage,FR,SLR-DE-004,EUR,4599036.0,2025-01-06,2032-04-29,0.05009,1.0,"[0.988764, 0.966292, 0.932584, 0.865169, 0.730337, 0.595506, 0.325843, 0.05618, 0.0]","[0.029, 0.0298, 0.03, 0.0305, 0.029, 0.028, 0.0275, 0.028]"
CNT-3959DD709D3C,pam,ES,SLR-ES-004,EUR,8738991.0,2022-11-05,2035-12-27,0.05912,1.0,"[0.99375, 0.98125, 0.9625, 0.925, 0.85, 0.775, 0.625, 0.475, 0.25, 0.0]","[0.029, 0.0298, 0.03, 0.0305, 0.029, 0.028, 0.0275, 0.028, 0.0285]"
CNT-3B196E592FA0,pam,FR,SLR-ES-001,EUR,9191874.0,2024-10-09,2044-05-27,0.05761,1.0,"[0.995816, 0.987448, 0.974895, 0.949791, 0.899582, 0.849372, 0.748954, 0.648536, 0.497908, 0.246862, 0.0]","[0.029, 0.0298, 0.03, 0.0305, 0.029, 0.028, 0.0275, 0.028, 0.0285, 0.029]"
CNT-16406CC76A77,pam,ES,SLR-DE-006,EUR,1050738.0,2022-04-26,2033-10-25,0.05293,1.0,"[0.992857, 0.978571, 0.957143, 0.914286, 0.828571, 0.742857, 0.571429, 0.4, 0.142857, 0.0]","[0.029, 0.0298, 0.03, 0.0305, 0.029, 0.028, 0.0275, 0.028, 0.0285]"
CNT-3B0C70381CF0,annuite,ES,SLR-DE-014,EUR,4755083.0,2026-01-19,2032-05-17,0.0608,1.0,"[0.987013, 0.961039, 0.922078, 0.844156, 0.688312, 0.532468, 0.220779, 0.0]","[0.029, 0.0298, 0.03, 0.0305, 0.029, 0.028, 0.0275]"
CNT-FBF3058280CA,annuite,FR,SLR-US-005,EUR,4236314.0,2023-01-23,2025-02-11,0.02712,1.0,"[0.96, 0.88, 0.76, 0.52, 0.04, 0.0]","[0.029, 0.0298, 0.03, 0.0305, 0.029]"
CNT-A14D5B50ADF4,mortgage,FR,SLR-FR-012,EUR,5778873.0,2025-01-01,2038-09-20,0.06497,1.0,"[1.0, 1.0, 1.0, 1.0, 1.0, 1.0, 1.0, 1.0, 1.0, 0.0]","[0.029, 0.0298, 0.03, 0.0305, 0.029, 0.028, 0.0275, 0.028, 0.0285]"
CNT-63989437ED18,pam,FR,SLR-ES-008,EUR,5138383.0,2022-04-20,2043-08-28,0.05901,1.0,"[0.996154, 0.988462, 0.976923, 0.953846, 0.907692, 0.861538, 0.769231, 0.676923, 0.538462, 0.307692, 0.076923, 0.0]","[0.029, 0.0298, 0.03, 0.0305, 0.029, 0.028, 0.0275, 0.028, 0.0285, 0.029, 0.0295]"
CNT-B5A801F077BB,annuite,ES,SLR-FR-011,EUR,8573292.0,2025-09-06,2029-06-17,0.05929,1.0,"[1.0, 1.0, 1.0, 1.0, 1.0, 1.0, 0.0]","[0.029, 0.0298, 0.03, 0.0305, 0.029, 0.028]"
CNT-B6D8FD4DBEEB,mortgage,ES,SLR-US-005,EUR,8191277.0,2024-11-21,2044-11-06,0.05081,1.0,"[1.0, 1.0, 1.0, 1.0, 1.0, 1.0, 1.0, 1.0, 1.0, 1.0, 1.0, 0.0]","[0.029, 0.0298, 0.03, 0.0305, 0.029, 0.028, 0.0275, 0.028, 0.0285, 0.029, 0.0295]"
CNT-748D87D58A0B,pam,ES,SLR-FR-011,EUR,4639452.0,2021-10-26,2029-05-17,0.02347,1.0,"[0.98913, 0.967391, 0.934783, 0.869565, 0.73913, 0.608696, 0.347826, 0.086957, 0.0]","[0.029, 0.0298, 0.03, 0.0305, 0.029, 0.028, 0.0275, 0.028]"
CNT-21DEAC7A7AB3,annuite,FR,SLR-ES-006,EUR,8357489.0,2021-11-23,2026-10-28,0.06048,1.0,"[1.0, 1.0, 1.0, 1.0, 1.0, 1.0, 0.0, 0.0]","[0.029, 0.0298, 0.03, 0.0305, 0.029, 0.028, 0.0275]"
CNT-E3D7EF1D24E6,pam,FR,SLR-DE-011,EUR,2528087.0,2025-04-12,2050-01-01,0.06743,1.0,"[0.996678, 0.990033, 0.980066, 0.960133, 0.920266, 0.880399, 0.800664, 0.72093, 0.601329, 0.401993, 0.202658, 0.0]","[0.029, 0.0298, 0.03, 0.0305, 0.029, 0.028, 0.0275, 0.028, 0.0285, 0.029, 0.0295]"
CNT-EC90B5230916,mortgage,FR,SLR-ES-015,EUR,8812102.0,2025-01-05,2043-09-28,0.06054,1.0,"[1.0, 1.0, 1.0, 1.0, 1.0, 1.0, 1.0, 1.0, 1.0, 1.0, 0.0]","[0.029, 0.0298, 0.03, 0.0305, 0.029, 0.028, 0.0275, 0.028, 0.0285, 0.029]"
CNT-21293A738F58,pam,FR,SLR-DE-007,EUR,5876154.0,2023-01-18,2041-05-13,0.05091,1.0,"[0.995516, 0.986547, 0.973094, 0.946188, 0.892377, 0.838565, 0.730942, 0.623318, 0.461883, 0.192825, 0.0]","[0.029, 0.0298, 0.03, 0.0305, 0.029, 0.028, 0.0275, 0.028, 0.0285, 0.029]"
CNT-C9C062EA7DC8,mortgage,FR,SLR-US-015,EUR,7818058.0,2023-07-21,2032-07-03,0.05911,1.0,"[0.990826, 0.972477, 0.944954, 0.889908, 0.779817, 0.669725, 0.449541, 0.229358, 0.0]","[0.029, 0.0298, 0.03, 0.0305, 0.029, 0.028, 0.0275, 0.028]"
CNT-B1457BECD5E8,pam,ES,SLR-DE-005,EUR,2875574.0,2024-08-09,2045-09-18,0.05922,1.0,"[1.0, 1.0, 1.0, 1.0, 1.0, 1.0, 1.0, 1.0, 1.0, 1.0, 1.0, 0.0]","[0.029, 0.0298, 0.03, 0.0305, 0.029, 0.028, 0.0275, 0.028, 0.0285, 0.029, 0.0295]"
CNT-BBE4D5E940D5,pam,ES,SLR-DE-010,EUR,4723926.0,2024-08-24,2036-03-24,0.05265,1.0,"[0.992908, 0.978723, 0.957447, 0.914894, 0.829787, 0.744681, 0.574468, 0.404255, 0.148936, 0.0]","[0.029, 0.0298, 0.03, 0.0305, 0.029, 0.028, 0.0275, 0.028, 0.0285]"
CNT-DBEC29C0921E,pam,FR,SLR-DE-015,EUR,2443874.0,2022-11-07,2038-03-18,0.05936,1.0,"[0.994652, 0.983957, 0.967914, 0.935829, 0.871658, 0.807487, 0.679144, 0.550802, 0.358289, 0.037433, 0.0]","[0.029, 0.0298, 0.03, 0.0305, 0.029, 0.028, 0.0275, 0.028, 0.0285, 0.029]"
CNT-7C78198BE083,annuite,FR,SLR-DE-013,EUR,9977991.0,2022-07-05,2036-06-21,0.02368,1.0,"[1.0, 1.0, 1.0, 1.0, 1.0, 1.0, 1.0, 1.0, 1.0, 0.0]","[0.029, 0.0298, 0.03, 0.0305, 0.029, 0.028, 0.0275, 0.028, 0.0285]"
CNT-ADF9BE52AFCA,pam,ES,SLR-DE-003,EUR,7040765.0,2025-01-27,2050-12-12,0.0616,1.0,"[0.996825, 0.990476, 0.980952, 0.961905, 0.92381, 0.885714, 0.809524, 0.733333, 0.619048, 0.428571, 0.238095, 0.0]","[0.029, 0.0298, 0.03, 0.0305, 0.029, 0.028, 0.0275, 0.028, 0.0285, 0.029, 0.0295]"
CNT-FCE6FD1D3C52,pam,FR,SLR-FR-012,EUR,390679.0,2024-07-18,2047-05-19,0.05808,1.0,"[0.996403, 0.989209, 0.978417, 0.956835, 0.913669, 0.870504, 0.784173, 0.697842, 0.568345, 0.352518, 0.136691, 0.0]","[0.029, 0.0298, 0.03, 0.0305, 0.029, 0.028, 0.0275, 0.028, 0.0285, 0.029, 0.0295]"
CNT-0209CD1B109F,mortgage,ES,SLR-ES-003,EUR,8363359.0,2023-06-10,2047-12-01,0.05404,1.0,"[0.996644, 0.989933, 0.979866, 0.959732, 0.919463, 0.879195, 0.798658, 0.718121, 0.597315, 0.395973, 0.194631, 0.0]","[0.029, 0.0298, 0.03, 0.0305, 0.029, 0.028, 0.0275, 0.028, 0.0285, 0.029, 0.0295]"
CNT-41C560773720,annuite,ES,SLR-DE-008,EUR,1296168.0,2022-07-15,2032-06-22,0.05419,1.0,"[1.0, 1.0, 1.0, 1.0, 1.0, 1.0, 1.0, 1.0, 1.0, 0.0]","[0.029, 0.0298, 0.03, 0.0305, 0.029, 0.028, 0.0275, 0.028, 0.0285]"
CNT-7E5F984D8F38,mortgage,ES,SLR-ES-009,EUR,1418104.0,2024-06-06,2030-03-07,0.05111,1.0,"[1.0, 1.0, 1.0, 1.0, 1.0, 1.0, 1.0, 0.0]","[0.029, 0.0298, 0.03, 0.0305, 0.029, 0.028, 0.0275]"
CNT-B98FB482F7F6,annuite,ES,SLR-DE-002,EUR,9718325.0,2022-11-06,2032-07-16,0.06697,1.0,"[0.991525, 0.974576, 0.949153, 0.898305, 0.79661, 0.694915, 0.491525, 0.288136, 0.0]","[0.029, 0.0298, 0.03, 0.0305, 0.029, 0.028, 0.0275, 0.028]"
CNT-24730996C61D,pam,ES,SLR-DE-012,EUR,7869576.0,2025-06-15,2051-09-27,0.06707,1.0,"[1.0, 1.0, 1.0, 1.0, 1.0, 1.0, 1.0, 1.0, 1.0, 1.0, 1.0, 0.0]","[0.029, 0.0298, 0.03, 0.0305, 0.029, 0.028, 0.0275, 0.028, 0.0285, 0.029, 0.0295]"
CNT-D3B89343A93F,pam,ES,SLR-US-011,EUR,3455809.0,2024-02-29,2051-08-06,0.02472,1.0,"[0.997006, 0.991018, 0.982036, 0.964072, 0.928144, 0.892216, 0.820359, 0.748503, 0.640719, 0.461078, 0.281437, 0.0]","[0.029, 0.0298, 0.03, 0.0305, 0.029, 0.028, 0.0275, 0.028, 0.0285, 0.029, 0.0295]"
CNT-3EF210F9495D,mortgage,ES,SLR-DE-010,EUR,6877070.0,2023-08-14,2046-07-14,0.03654,1.0,"[0.996416, 0.989247, 0.978495, 0.956989, 0.913978, 0.870968, 0.784946, 0.698925, 0.569892, 0.354839, 0.139785, 0.0]","[0.029, 0.0298, 0.03, 0.0305, 0.029, 0.028, 0.0275, 0.028, 0.0285, 0.029, 0.0295]"
CNT-29039558298E,mortgage,ES,SLR-DE-005,EUR,4059009.0,2021-07-10,2049-02-13,0.0437,1.0,"[0.997024, 0.991071, 0.982143, 0.964286, 0.928571, 0.892857, 0.821429, 0.75, 0.642857, 0.464286, 0.285714, 0.0]","[0.029, 0.0298, 0.03, 0.0305, 0.029, 0.028, 0.0275, 0.028, 0.0285, 0.029, 0.0295]"
CNT-90EE85A799B2,mortgage,FR,SLR-FR-007,EUR,97466.0,2023-08-25,2041-01-22,0.06145,1.0,"[0.995283, 0.985849, 0.971698, 0.943396, 0.886792, 0.830189, 0.716981, 0.603774, 0.433962, 0.150943, 0.0]","[0.029, 0.0298, 0.03, 0.0305, 0.029, 0.028, 0.0275, 0.028, 0.0285, 0.029]"
CNT-0B0877FC2A0D,annuite,ES,SLR-DE-013,EUR,9501944.0,2023-08-27,2034-09-28,0.06146,1.0,"[1.0, 1.0, 1.0, 1.0, 1.0, 1.0, 1.0, 1.0, 1.0, 0.0]","[0.029, 0.0298, 0.03, 0.0305, 0.029, 0.028, 0.0275, 0.028, 0.0285]"
CNT-D9C6027CF8A5,pam,FR,SLR-US-006,EUR,4297493.0,2021-11-18,2034-11-10,0.02576,1.0,"[0.993671, 0.981013, 0.962025, 0.924051, 0.848101, 0.772152, 0.620253, 0.468354, 0.240506, 0.0]","[0.029, 0.0298, 0.03, 0.0305, 0.029, 0.028, 0.0275, 0.028, 0.0285]"
CNT-EBF2FA6AC946,pam,FR,SLR-FR-002,EUR,1101346.0,2025-06-23,2029-03-04,0.04353,1.0,"[0.977778, 0.933333, 0.866667, 0.733333, 0.466667, 0.2, 0.0]","[0.029, 0.0298, 0.03, 0.0305, 0.029, 0.028]"
CNT-C8D4B2D72CEF,mortgage,FR,SLR-DE-006,EUR,1143208.0,2022-11-12,2028-04-14,0.04381,1.0,"[0.984848, 0.954545, 0.909091, 0.818182, 0.636364, 0.454545, 0.090909, 0.0]","[0.029, 0.0298, 0.03, 0.0305, 0.029, 0.028, 0.0275]"
CNT-52DBEEBEB21B,pam,ES,SLR-US-011,EUR,6336402.0,2022-12-26,2033-02-01,0.05612,1.0,"[0.99187, 0.97561, 0.95122, 0.902439, 0.804878, 0.707317, 0.512195, 0.317073, 0.02439, 0.0]","[0.029, 0.0298, 0.03, 0.0305, 0.029, 0.028, 0.0275, 0.028, 0.0285]"
CNT-22CE5B0826EF,pam,ES,SLR-ES-015,EUR,7665554.0,2024-03-30,2052-05-02,0.06762,1.0,"[0.997076, 0.991228, 0.982456, 0.964912, 0.929825, 0.894737, 0.824561, 0.754386, 0.649123, 0.473684, 0.298246, 0.0]","[0.029, 0.0298, 0.03, 0.0305, 0.029, 0.028, 0.0275, 0.028, 0.0285, 0.029, 0.0295]"
CNT-6AA428986F57,mortgage,FR,SLR-ES-005,EUR,587888.0,2022-05-28,2042-05-13,0.05356,1.0,"[1.0, 1.0, 1.0, 1.0, 1.0, 1.0, 1.0, 1.0, 1.0, 1.0, 1.0, 0.0]","[0.029, 0.0298, 0.03, 0.0305, 0.029, 0.028, 0.0275, 0.028, 0.0285, 0.029, 0.0295]"
CNT-0F379A999B54,pam,ES,SLR-FR-012,EUR,7020185.0,2023-03-31,2024-03-25,0.05194,1.0,"[0.916667, 0.75, 0.5, 0.0, 0.0]","[0.029, 0.0298, 0.03, 0.0305]"
CNT-7C682D113CB8,pam,ES,SLR-US-004,EUR,1701296.0,2026-02-19,2047-06-29,0.06346,1.0,"[0.996154, 0.988462, 0.976923, 0.953846, 0.907692, 0.861538, 0.769231, 0.676923, 0.538462, 0.307692, 0.076923, 0.0]","[0.029, 0.0298, 0.03, 0.0305, 0.029, 0.028, 0.0275, 0.028, 0.0285, 0.029, 0.0295]"
CNT-946C4C5C2FE0,mortgage,ES,SLR-FR-015,EUR,9041056.0,2021-05-30,2030-10-10,0.03581,1.0,"[0.991228, 0.973684, 0.947368, 0.894737, 0.789474, 0.684211, 0.473684, 0.263158, 0.0]","[0.029, 0.0298, 0.03, 0.0305, 0.029, 0.028, 0.0275, 0.028]"
CNT-BE038AF8D310,mortgage,ES,SLR-DE-014,EUR,4495722.0,2025-11-22,2036-10-25,0.03515,1.0,"[0.992481, 0.977444, 0.954887, 0.909774, 0.819549, 0.729323, 0.548872, 0.368421, 0.097744, 0.0]","[0.029, 0.0298, 0.03, 0.0305, 0.029, 0.028, 0.0275, 0.028, 0.0285]"
CNT-B3D7CAAC9ED9,mortgage,FR,SLR-FR-007,EUR,6272661.0,2025-07-22,2051-04-07,0.05758,1.0,"[0.996805, 0.990415, 0.980831, 0.961661, 0.923323, 0.884984, 0.808307, 0.731629, 0.616613, 0.42492, 0.233227, 0.0]","[0.029, 0.0298, 0.03, 0.0305, 0.029, 0.028, 0.0275, 0.028, 0.0285, 0.029, 0.0295]"
CNT-08139F5ED038,annuite,ES,SLR-FR-001,EUR,8587181.0,2025-02-21,2031-04-21,0.06235,1.0,"[0.986667, 0.96, 0.92, 0.84, 0.68, 0.52, 0.2, 0.0]","[0.029, 0.0298, 0.03, 0.0305, 0.029, 0.028, 0.0275]"
CNT-BD39DF9A9965,mortgage,FR,SLR-FR-003,EUR,6742414.0,2025-12-22,2040-07-06,0.02482,1.0,"[1.0, 1.0, 1.0, 1.0, 1.0, 1.0, 1.0, 1.0, 1.0, 0.0]","[0.029, 0.0298, 0.03, 0.0305, 0.029, 0.028, 0.0275, 0.028, 0.0285]"
CNT-1A92DADBB3AD,mortgage,ES,SLR-ES-005,EUR,1664861.0,2025-10-08,2038-09-30,0.04819,1.0,"[1.0, 1.0, 1.0, 1.0, 1.0, 1.0, 1.0, 1.0, 1.0, 0.0]","[0.029, 0.0298, 0.03, 0.0305, 0.029, 0.028, 0.0275, 0.028, 0.0285]"
CNT-3D897B341B95,mortgage,FR,SLR-FR-005,EUR,8819266.0,2024-09-26,2050-10-10,0.06416,1.0,"[0.996845, 0.990536, 0.981073, 0.962145, 0.92429, 0.886435, 0.810726, 0.735016, 0.621451, 0.432177, 0.242902, 0.0]","[0.029, 0.0298, 0.03, 0.0305, 0.029, 0.028, 0.0275, 0.028, 0.0285, 0.029, 0.0295]"
CNT-CFBC44D25E9B,mortgage,ES,SLR-US-002,EUR,767936.0,2021-08-06,2036-11-15,0.05945,1.0,"[0.994624, 0.983871, 0.967742, 0.935484, 0.870968, 0.806452, 0.677419, 0.548387, 0.354839, 0.032258, 0.0]","[0.029, 0.0298, 0.03, 0.0305, 0.029, 0.028, 0.0275, 0.028, 0.0285, 0.029]"
CNT-5764B987C16D,pam,FR,SLR-ES-005,EUR,676811.0,2023-03-01,2025-04-19,0.04394,1.0,"[0.961538, 0.884615, 0.769231, 0.538462, 0.076923, 0.0]","[0.029, 0.0298, 0.03, 0.0305, 0.029]"
CNT-E2ABE14675FA,pam,ES,SLR-FR-005,EUR,1837851.0,2022-08-02,2039-02-04,0.05954,1.0,"[1.0, 1.0, 1.0, 1.0, 1.0, 1.0, 1.0, 1.0, 1.0, 1.0, 0.0]","[0.029, 0.0298, 0.03, 0.0305, 0.029, 0.028, 0.0275, 0.028, 0.0285, 0.029]"
CNT-1D7ABC4A50FD,mortgage,ES,SLR-US-012,EUR,3641285.0,2024-08-14,2035-12-15,0.02412,1.0,"[1.0, 1.0, 1.0, 1.0, 1.0, 1.0, 1.0, 1.0, 1.0, 0.0]","[0.029, 0.0298, 0.03, 0.0305, 0.029, 0.028, 0.0275, 0.028, 0.0285]"
CNT-45125876A7BA,mortgage,ES,SLR-US-011,EUR,5319658.0,2022-03-19,2041-02-07,0.05349,1.0,"[1.0, 1.0, 1.0, 1.0, 1.0, 1.0, 1.0, 1.0, 1.0, 1.0, 0.0]","[0.029, 0.0298, 0.03, 0.0305, 0.029, 0.028, 0.0275, 0.028, 0.0285, 0.029]"
CNT-69FA2039CD73,annuite,FR,SLR-US-015,EUR,5347828.0,2025-08-24,2032-03-20,0.05925,1.0,"[0.9875, 0.9625, 0.925, 0.85, 0.7, 0.55, 0.25, 0.0]","[0.029, 0.0298, 0.03, 0.0305, 0.029, 0.028, 0.0275]"
CNT-D075E29F22C6,annuite,FR,SLR-DE-014,EUR,3947924.0,2024-02-01,2036-09-25,0.06488,1.0,"[0.993506, 0.980519, 0.961039, 0.922078, 0.844156, 0.766234, 0.61039, 0.454545, 0.220779, 0.0]","[0.029, 0.0298, 0.03, 0.0305, 0.029, 0.028, 0.0275, 0.028, 0.0285]"
CNT-053C5994B5B1,pam,FR,SLR-DE-007,EUR,1036454.0,2022-11-05,2043-07-18,0.05049,1.0,"[0.996032, 0.988095, 0.97619, 0.952381, 0.904762, 0.857143, 0.761905, 0.666667, 0.52381, 0.285714, 0.047619, 0.0]","[0.029, 0.0298, 0.03, 0.0305, 0.029, 0.028, 0.0275, 0.028, 0.0285, 0.029, 0.0295]"
CNT-30C6F26D0050,pam,ES,SLR-ES-008,EUR,7763576.0,2022-06-11,2037-03-24,0.06421,1.0,"[0.994444, 0.983333, 0.966667, 0.933333, 0.866667, 0.8, 0.666667, 0.533333, 0.333333, 0.0, 0.0]","[0.029, 0.0298, 0.03, 0.0305, 0.029, 0.028, 0.0275, 0.028, 0.0285, 0.029]"
CNT-FD7BC0C1418B,annuite,ES,SLR-US-006,EUR,8781788.0,2025-08-11,2042-07-13,0.05582,1.0,"[0.995146, 0.985437, 0.970874, 0.941748, 0.883495, 0.825243, 0.708738, 0.592233, 0.417476, 0.126214, 0.0]","[0.029, 0.0298, 0.03, 0.0305, 0.029, 0.028, 0.0275, 0.028, 0.0285, 0.029]"
CNT-9730CA56A4BE,pam,FR,SLR-DE-012,EUR,3683793.0,2024-10-24,2026-11-13,0.05989,1.0,"[0.96, 0.88, 0.76, 0.52, 0.04, 0.0]","[0.029, 0.0298, 0.03, 0.0305, 0.029]"
CNT-21B828D37038,pam,FR,SLR-DE-013,EUR,9866108.0,2021-12-30,2026-09-05,0.03228,1.0,"[0.982456, 0.947368, 0.894737, 0.789474, 0.578947, 0.368421, 0.0]","[0.029, 0.0298, 0.03, 0.0305, 0.029, 0.028]"
CNT-E1D3BC125C57,mortgage,ES,SLR-US-001,EUR,4049461.0,2023-03-20,2038-08-28,0.06649,1.0,"[0.994681, 0.984043, 0.968085, 0.93617, 0.87234, 0.808511, 0.680851, 0.553191, 0.361702, 0.042553, 0.0]","[0.029, 0.0298, 0.03, 0.0305, 0.029, 0.028, 0.0275, 0.028, 0.0285, 0.029]"
CNT-87A2B88EDD72,annuite,ES,SLR-DE-010,EUR,5102256.0,2021-07-15,2032-12-14,0.03569,1.0,"[1.0, 1.0, 1.0, 1.0, 1.0, 1.0, 1.0, 1.0, 1.0, 0.0]","[0.029, 0.0298, 0.03, 0.0305, 0.029, 0.028, 0.0275, 0.028, 0.0285]"
CNT-34B94F33915E,pam,ES,SLR-DE-004,EUR,3952873.0,2025-09-03,2048-08-03,0.02654,1.0,"[0.996416, 0.989247, 0.978495, 0.956989, 0.913978, 0.870968, 0.784946, 0.698925, 0.569892, 0.354839, 0.139785, 0.0]","[0.029, 0.0298, 0.03, 0.0305, 0.029, 0.028, 0.0275, 0.028, 0.0285, 0.029, 0.0295]"
CNT-B6FEB8B2ED3E,pam,FR,SLR-ES-015,EUR,5019840.0,2021-07-09,2046-05-29,0.04943,1.0,"[0.9967, 0.990099, 0.980198, 0.960396, 0.920792, 0.881188, 0.80198, 0.722772, 0.60396, 0.405941, 0.207921, 0.0]","[0.029, 0.0298, 0.03, 0.0305, 0.029, 0.028, 0.0275, 0.028, 0.0285, 0.029, 0.0295]"
CNT-9E97DD480398,annuite,ES,SLR-FR-010,EUR,8391774.0,2022-02-25,2041-03-17,0.03336,1.0,"[0.99569, 0.987069, 0.974138, 0.948276, 0.896552, 0.844828, 0.741379, 0.637931, 0.482759, 0.224138, 0.0]","[0.029, 0.0298, 0.03, 0.0305, 0.029, 0.028, 0.0275, 0.028, 0.0285, 0.029]"
CNT-718F08E37B64,mortgage,ES,SLR-DE-006,EUR,3461640.0,2022-11-02,2040-01-02,0.04554,1.0,"[0.995215, 0.985646, 0.971292, 0.942584, 0.885167, 0.827751, 0.712919, 0.598086, 0.425837, 0.138756, 0.0]","[0.029, 0.0298, 0.03, 0.0305, 0.029, 0.028, 0.0275, 0.028, 0.0285, 0.029]"
CNT-1672104C1B17,pam,ES,SLR-US-006,EUR,849952.0,2024-10-14,2051-08-24,0.04781,1.0,"[0.996942, 0.990826, 0.981651, 0.963303, 0.926606, 0.889908, 0.816514, 0.743119, 0.633028, 0.449541, 0.266055, 0.0]","[0.029, 0.0298, 0.03, 0.0305, 0.029, 0.028, 0.0275, 0.028, 0.0285, 0.029, 0.0295]"
CNT-E649AAE9A579,pam,FR,SLR-DE-006,EUR,9616785.0,2022-07-09,2027-05-14,0.04484,1.0,"[0.983051, 0.949153, 0.898305, 0.79661, 0.59322, 0.389831, 0.0]","[0.029, 0.0298, 0.03, 0.0305, 0.029, 0.028]"
CNT-054F73391656,pam,ES,SLR-DE-004,EUR,7770085.0,2023-02-01,2031-07-19,0.06068,1.0,"[0.990291, 0.970874, 0.941748, 0.883495, 0.76699, 0.650485, 0.417476, 0.184466, 0.0]","[0.029, 0.0298, 0.03, 0.0305, 0.029, 0.028, 0.0275, 0.028]"
CNT-B38FB1CEB724,pam,FR,SLR-US-005,EUR,3543549.0,2026-03-09,2050-03-03,0.06136,1.0,"[0.996575, 0.989726, 0.979452, 0.958904, 0.917808, 0.876712, 0.794521, 0.712329, 0.589041, 0.383562, 0.178082, 0.0]","[0.029, 0.0298, 0.03, 0.0305, 0.029, 0.028, 0.0275, 0.028, 0.0285, 0.029, 0.0295]"
CNT-5F29ABE354EF,annuite,ES,SLR-US-002,EUR,9179519.0,2023-11-08,2036-02-03,0.06629,1.0,"[0.993289, 0.979866, 0.959732, 0.919463, 0.838926, 0.758389, 0.597315, 0.436242, 0.194631, 0.0]","[0.029, 0.0298, 0.03, 0.0305, 0.029, 0.028, 0.0275, 0.028, 0.0285]"
CNT-D90AD5C60E21,mortgage,ES,SLR-US-006,EUR,4679108.0,2021-10-14,2048-02-25,0.05244,1.0,"[0.996885, 0.990654, 0.981308, 0.962617, 0.925234, 0.88785, 0.813084, 0.738318, 0.626168, 0.439252, 0.252336, 0.0]","[0.029, 0.0298, 0.03, 0.0305, 0.029, 0.028, 0.0275, 0.028, 0.0285, 0.029, 0.0295]"
CNT-CD4E45F2A845,annuite,FR,SLR-DE-005,EUR,2249535.0,2026-02-03,2031-09-05,0.05876,1.0,"[1.0, 1.0, 1.0, 1.0, 1.0, 1.0, 1.0, 0.0]","[0.029, 0.0298, 0.03, 0.0305, 0.029, 0.028, 0.0275]"
CNT-F8AACB8D1885,pam,FR,SLR-US-003,EUR,2885197.0,2024-02-02,2044-12-13,0.03512,1.0,"[0.996063, 0.988189, 0.976378, 0.952756, 0.905512, 0.858268, 0.76378, 0.669291, 0.527559, 0.291339, 0.055118, 0.0]","[0.029, 0.0298, 0.03, 0.0305, 0.029, 0.028, 0.0275, 0.028, 0.0285, 0.029, 0.0295]"
CNT-67786D3258C4,mortgage,ES,SLR-DE-013,EUR,8916450.0,2022-11-15,2049-08-25,0.06427,1.0,"[1.0, 1.0, 1.0, 1.0, 1.0, 1.0, 1.0, 1.0, 1.0, 1.0, 1.0, 0.0]","[0.029, 0.0298, 0.03, 0.0305, 0.029, 0.028, 0.0275, 0.028, 0.0285, 0.029, 0.0295]"
CNT-2CF7CFB019BB,annuite,ES,SLR-US-015,EUR,4529937.0,2023-04-28,2032-12-06,0.02597,1.0,"[0.991453, 0.974359, 0.948718, 0.897436, 0.794872, 0.692308, 0.487179, 0.282051, 0.0]","[0.029, 0.0298, 0.03, 0.0305, 0.029, 0.028, 0.0275, 0.028]"
CNT-96F874B72C8C,mortgage,ES,SLR-ES-010,EUR,9376088.0,2023-08-11,2037-03-30,0.05481,1.0,"[0.993976, 0.981928, 0.963855, 0.927711, 0.855422, 0.783133, 0.638554, 0.493976, 0.277108, 0.0]","[0.029, 0.0298, 0.03, 0.0305, 0.029, 0.028, 0.0275, 0.028, 0.0285]"
