period,date,payment,principal,interest,outstanding
1,2025-04-09,5181.92,3306.92,1875.0,496693.08
2,2025-05-09,5181.92,3319.32,1862.6,493373.76
3,2025-06-08,5181.92,3331.77,1850.15,490041.99
4,2025-07-08,5181.92,3344.26,1837.66,486697.73
5,2025-08-07,5181.92,3356.8,1825.12,483340.92
6,2025-09-06,5181.92,3369.39,1812.53,479971.53
7,2025-10-06,5181.92,3382.03,1799.89,476589.5
8,2025-11-05,5181.92,3394.71,1787.21,473194.79
9,2025-12-05,5181.92,3407.44,1774.48,469787.35
10,2026-01-04,5181.92,3420.22,1761.7,466367.14
11,2026-02-03,5181.92,3433.04,1748.88,462934.09
12,2026-03-05,5181.92,3445.92,1736.0,459488.17
13,2026-04-04,5181.92,3458.84,1723.08,456029.33
14,2026-05-04,5181.92,3471.81,1710.11,452557.52
15,2026-06-03,5181.92,3484.83,1697.09,449072.69
16,2026-07-03,5181.92,3497.9,1684.02,445574.8
17,2026-08-02,5181.92,3511.01,1670.91,442063.78
18,2026-09-01,5181.92,3524.18,1657.74,438539.6
19,2026-10-01,5181.92,3537.4,1644.52,435002.2
20,2026-10-31,5181.92,3550.66,1631.26,431451.54
21,2026-11-30,5181.92,3563.98,1617.94,427887.56
22,2026-12-30,5181.92,3577.34,1604.58,424310.22
23,2027-01-29,5181.92,3590.76,1591.16,420719.46
24,2027-02-28,5181.92,3604.22,1577.7,417115.24
25,2027-03-30,5181.92,3617.74,1564.18,413497.5
26,2027-04-29,5181.92,3631.3,1550.62,409866.2
27,2027-05-29,5181.92,3644.92,1537.0,406221.28
28,2027-06-28,5181.92,3658.59,1523.33,402562.69
29,2027-07-28,5181.92,3672.31,1509.61,398890.38
30,2027-08-27,5181.92,3686.08,1495.84,395204.29
31,2027-09-26,5181.92,3699.9,1482.02,391504.39
32,2027-10-26,5181.92,3713.78,1468.14,387790.61
33,2027-11-25,5181.92,3727.71,1454.21,384062.91
34,2027-12-25,5181.92,3741.68,1440.24,380321.22
35,2028-01-24,5181.92,3755.72,1426.2,376565.51
36,2028-02-23,5181.92,3769.8,1412.12,372795.71
37,2028-03-24,5181.92,3783.94,1397.98,369011.77
38,2028-04-23,5181.92,3798.13,1383.79,365213.64
39,2028-05-23,5181.92,3812.37,1369.55,361401.27
40,2028-06-22,5181.92,3826.67,1355.25,357574.61
41,2028-07-22,5181.92,3841.02,1340.9,353733.59
42,2028-08-21,5181.92,3855.42,1326.5,349878.17
43,2028-09-20,5181.92,3869.88,1312.04,346008.3
44,2028-10-20,5181.92,3884.39,1297.53,342123.91
45,2028-11-19,5181.92,3898.96,1282.96,338224.95
46,2028-12-19,5181.92,3913.58,1268.34,334311.37
47,2029-01-18,5181.92,3928.25,1253.67,330383.12
48,2029-02-17,5181.92,3942.98,1238.94,326440.14
49,2029-03-19,5181.92,3957.77,1224.15,322482.37
50,2029-04-18,5181.92,3972.61,1209.31,318509.76
51,2029-05-18,5181.92,3987.51,1194.41,314522.25
52,2029-06-17,5181.92,4002.46,1179.46,310519.78
53,2029-07-17,5181.92,4017.47,1164.45,306502.31
54,2029-08-16,5181.92,4032.54,1149.38,302469.78
55,2029-09-15,5181.92,4047.66,1134.26,298422.12
56,2029-10-15,5181.92,4062.84,1119.08,294359.28
57,2029-11-14,5181.92,4078.07,1103.85,290281.21
58,2029-12-14,5181.92,4093.37,1088.55,286187.84
59,2030-01-13,5181.92,4108.72,1073.2,282079.13
60,2030-02-12,5181.92,4124.12,1057.8,277955.0
61,2030-03-14,5181.92,4139.59,1042.33,273815.41
62,2030-04-13,5181.92,4155.11,1026.81,269660.3
63,2030-05-13,5181.92,4170.69,1011.23,265489.61
64,2030-06-12,5181.92,4186.33,995.59,261303.27
65,2030-07-12,5181.92,4202.03,979.89,257101.24
66,2030-08-11,5181.92,4217.79,964.13,252883.45
67,2030-09-10,5181.92,4233.61,948.31,248649.84
68,2030-10-10,5181.92,4249.48,932.44,244400.36
69,2030-11-09,5181.92,4265.42,916.5,240134.94
70,2030-12-09,5181.92,4281.41,900.51,235853.52
71,2031-01-08,5181.92,4297.47,884.45,231556.05
72,2031-02-07,5181.92,4313.59,868.34,227242.47
73,2031-03-09,5181.92,4329.76,852.16,222912.71
74,2031-04-08,5181.92,4346.0,835.92,218566.71
75,2031-05-08,5181.92,4362.3,819.63,214204.41
76,2031-06-07,5181.92,4378.65,803.27,209825.76
77,2031-07-07,5181.92,4395.07,786.85,205430.69
78,2031-08-06,5181.92,4411.56,770.37,201019.13
79,2031-09-05,5181.92,4428.1,753.82,196591.03
80,2031-10-05,5181.92,4444.7,737.22,192146.33
81,2031-11-04,5181.92,4461.37,720.55,187684.96
82,2031-12-04,5181.92,4478.1,703.82,183206.85
83,2032-01-03,5181.92,4494.89,687.03,178711.96
84,2032-02-02,5181.92,4511.75,670.17,174200.21
85,2032-03-03,5181.92,4528.67,653.25,169671.54
86,2032-04-02,5181.92,4545.65,636.27,165125.89
87,2032-05-02,5181.92,4562.7,619.22,160563.19
88,2032-06-01,5181.92,4579.81,602.11,155983.38
89,2032-07-01,5181.92,4596.98,584.94,151386.4
90,2032-07-31,5181.92,4614.22,567.7,146772.18
91,2032-08-30,5181.92,4631.52,550.4,142140.65
92,2032-09-29,5181.92,4648.89,533.03,137491.76
93,2032-10-29,5181.92,4666.33,515.59,132825.43
94,2032-11-28,5181.92,4683.83,498.1,128141.61
95,2032-12-28,5181.92,4701.39,480.53,123440.22
96,2033-01-27,5181.92,4719.02,462.9,118721.2
97,2033-02-26,5181.92,4736.72,445.2,113984.48
98,2033-03-28,5181.92,4754.48,427.44,109230.0
99,2033-04-27,5181.92,4772.31,409.61,104457.69
100,2033-05-27,5181.92,4790.2,391.72,99667.49
101,2033-06-26,5181.92,4808.17,373.75,94859.32
102,2033-07-26,5181.92,4826.2,355.72,90033.13
103,2033-08-25,5181.92,4844.3,337.62,85188.83
104,2033-09-24,5181.92,4862.46,319.46,80326.37
105,2033-10-24,5181.92,4880.7,301.22,75445.67
106,2033-11-23,5181.92,4899.0,282.92,70546.67
107,2033-12-23,5181.92,4917.37,264.55,65629.3
108,2034-01-22,5181.92,4935.81,246.11,60693.49
109,2034-02-21,5181.92,4954.32,227.6,55739.17
110,2034-03-23,5181.92,4972.9,209.02,50766.27
111,2034-04-22,5181.92,4991.55,190.37,45774.72
112,2034-05-22,5181.92,5010.27,171.66,40764.46
113,2034-06-21,5181.92,5029.05,152.87,35735.41
114,2034-07-21,5181.92,5047.91,134.01,30687.49
115,2034-08-20,5181.92,5066.84,115.08,25620.65
116,2034-09-19,5181.92,5085.84,96.08,20534.81
117,2034-10-19,5181.92,5104.91,77.01,15429.89
118,2034-11-18,5181.92,5124.06,57.86,10305.83
119,2034-12-18,5181.92,5143.27,38.65,5162.56
120,2035-01-17,5181.92,5162.56,19.36,0.0
